,precision,recall,f1-score,support
Exact,0.6622922134733158,0.757,0.70648623425105,1000.0
Substitute,0.5812431842966194,0.533,0.5560772039645279,1000.0
Complement,0.8754027926960258,0.815,0.8441222164681512,1000.0
Irrelevant,0.7175421209117938,0.724,0.7207565953210553,1000.0
accuracy,0.70725,0.70725,0.70725,0.70725
macro avg,0.7091200778444388,0.7072499999999999,0.7068605625011961,4000.0
weighted avg,0.7091200778444386,0.70725,0.706860562501196,4000.0
