,precision,recall,f1-score,support
Exact,0.6636528028933092,0.734,0.6970560303893637,1000.0
Substitute,0.5705882352941176,0.582,0.5762376237623762,1000.0
Complement,0.881283422459893,0.824,0.8516795865633074,1000.0
Irrelevant,0.7294994675186368,0.685,0.7065497679216091,1000.0
accuracy,0.70625,0.70625,0.70625,0.70625
macro avg,0.7112559820414892,0.7062499999999999,0.7078807521591641,4000.0
weighted avg,0.7112559820414891,0.70625,0.7078807521591641,4000.0
