,precision,recall,f1-score,support
Exact,0.6225614927905004,0.734,0.6737035337310693,1000.0
Substitute,0.5654008438818565,0.536,0.5503080082135524,1000.0
Complement,0.8677932405566601,0.873,0.8703888334995015,1000.0
Irrelevant,0.7185697808535179,0.623,0.6673808248527049,1000.0
accuracy,0.6915,0.6915,0.6915,0.6915
macro avg,0.6935813395206337,0.6915,0.690445300074207,4000.0
weighted avg,0.6935813395206337,0.6915,0.6904453000742069,4000.0
