,precision,recall,f1-score,support
Exact,0.638801261829653,0.81,0.7142857142857143,1000.0
Substitute,0.6382743362831859,0.577,0.6060924369747899,1000.0
Complement,0.9025906735751296,0.871,0.8865139949109415,1000.0
Irrelevant,0.7682502896871379,0.663,0.711755233494364,1000.0
accuracy,0.73025,0.73025,0.73025,0.73025
macro avg,0.7369791403437765,0.7302500000000001,0.7296618449164524,4000.0
weighted avg,0.7369791403437767,0.73025,0.7296618449164525,4000.0
